index,roi_id,name,short,hemi,network,attribution,abs_attribution
53,2002,R SMG posterior,R SMG posterior,R,Salience,-0.1057925671339035,0.1057925671339035
51,1902,R SMG anterior,R SMG anterior,R,Salience,-0.10501118004322052,0.10501118004322052
106,4602,R Planum Temporale,R Planum Temporale,R,Auditory,-0.09872113168239594,0.09872113168239594
104,4502,R Heschl's Gyrus,R Heschl's Gyrus,R,Auditory,-0.09846048057079315,0.09846048057079315
17,202,R Insular Cortex,R Insular Cortex,R,Salience,-0.09777884930372238,0.09777884930372238
100,4302,R Parietal Operculum,R Parietal Operculum,R,Somatomotor,-0.08754848688840866,0.08754848688840866
49,1802,R Superior Parietal Lobule,R Superior Parietal Lobule,R,DorsalAttention,-0.08627790957689285,0.08627790957689285
97,4201,L Central Opercular Cortex,L Central Opercular Cortex,L,Somatomotor,-0.08324559777975082,0.08324559777975082
101,4401,L Planum Polare,L Planum Polare,L,Auditory,-0.08270984143018723,0.08270984143018723
103,4501,L Heschl's Gyrus,L Heschl's Gyrus,L,Auditory,-0.07751314342021942,0.07751314342021942
72,3001,L Cingulate posterior,L Cingulate posterior,L,Default,0.07647984474897385,0.07647984474897385
19,302,R Superior Frontal Gyrus,R Superior Frontal Gyrus,R,Frontoparietal,-0.07121481746435165,0.07121481746435165
45,1602,R ITG temporooccipital,R ITG temporooccipital,R,Visual,0.0686970129609108,0.0686970129609108
73,3002,R Cingulate posterior,R Cingulate posterior,R,Default,0.06847836077213287,0.06847836077213287
98,4202,R Central Opercular Cortex,R Central Opercular Cortex,R,Somatomotor,-0.06538423150777817,0.06538423150777817
65,2602,R SMA / Juxtapositional,R SMA / Juxtapositional,R,Somatomotor,-0.06417933106422424,0.06417933106422424
12,54,Right Amygdala,R Amygdala,R,Limbic,0.06411603838205338,0.06411603838205338
7,49,Right Thalamus,R Thalamus,R,Subcortical,0.06408791989088058,0.06408791989088058
55,2102,R Angular Gyrus,R Angular Gyrus,R,Default,-0.06339535862207413,0.06339535862207413
9,51,Right Putamen,R Putamen,R,Subcortical,0.06326267123222351,0.06326267123222351
69,2802,R Paracingulate Gyrus,R Paracingulate Gyrus,R,Salience,0.06212262436747551,0.06212262436747551
95,4101,L Frontal Operculum,L Frontal Operculum,L,Salience,-0.06059490516781807,0.06059490516781807
5,18,Left Amygdala,L Amygdala,L,Limbic,0.06013289839029312,0.06013289839029312
37,1202,R MTG posterior,R MTG posterior,R,Default,0.059563081711530685,0.059563081711530685
75,3102,R Precuneous Cortex,R Precuneous Cortex,R,Default,0.05920099839568138,0.05920099839568138
40,1401,L ITG anterior,L ITG anterior,L,Limbic,0.059194840490818024,0.059194840490818024
102,4402,R Planum Polare,R Planum Polare,R,Auditory,-0.058719370514154434,0.058719370514154434
52,2001,L SMG posterior,L SMG posterior,L,Salience,-0.05662641301751137,0.05662641301751137
36,1201,L MTG posterior,L MTG posterior,L,Default,0.055050838738679886,0.055050838738679886
2,12,Left Putamen,L Putamen,L,Subcortical,-0.05303215980529785,0.05303215980529785
96,4102,R Frontal Operculum,R Frontal Operculum,R,Salience,0.05026743933558464,0.05026743933558464
10,52,Right Pallidum,R Pallidum,R,Subcortical,0.0492633618414402,0.0492633618414402
58,2301,L LOC inferior,L LOC inferior,L,Visual,0.048037320375442505,0.048037320375442505
11,53,Right Hippocampus,R Hippocampus,R,Limbic,0.047172870486974716,0.047172870486974716
70,2901,L Cingulate anterior,L Cingulate anterior,L,Salience,-0.04681124910712242,0.04681124910712242
8,50,Right Caudate,R Caudate,R,Subcortical,0.045593250542879105,0.045593250542879105
35,1102,R MTG anterior,R MTG anterior,R,Default,0.04540000110864639,0.04540000110864639
42,1501,L ITG posterior,L ITG posterior,L,Limbic,0.04528413712978363,0.04528413712978363
20,401,L Middle Frontal Gyrus,L Middle Frontal Gyrus,L,Frontoparietal,-0.0445488877594471,0.0445488877594471
32,1001,L STG posterior,L STG posterior,L,Auditory,-0.04331281781196594,0.04331281781196594
74,3101,L Precuneous Cortex,L Precuneous Cortex,L,Default,0.04311152920126915,0.04311152920126915
6,26,Left Accumbens,L Accumbens,L,Subcortical,0.042793676257133484,0.042793676257133484
54,2101,L Angular Gyrus,L Angular Gyrus,L,Default,-0.04265063628554344,0.04265063628554344
105,4601,L Planum Temporale,L Planum Temporale,L,Auditory,-0.04065586254000664,0.04065586254000664
67,2702,R Subcallosal Cortex,R Subcallosal Cortex,R,Limbic,0.04061475396156311,0.04061475396156311
34,1101,L MTG anterior,L MTG anterior,L,Default,0.04014715179800987,0.04014715179800987
48,1801,L Superior Parietal Lobule,L Superior Parietal Lobule,L,DorsalAttention,-0.03787001222372055,0.03787001222372055
59,2302,R LOC inferior,R LOC inferior,R,Visual,-0.03711860999464989,0.03711860999464989
39,1302,R MTG temporooccipital,R MTG temporooccipital,R,Default,0.03580816835165024,0.03580816835165024
50,1901,L SMG anterior,L SMG anterior,L,Salience,-0.03573061153292656,0.03573061153292656
78,3301,L Frontal Orbital Cortex,L Frontal Orbital Cortex,L,Limbic,0.03568226471543312,0.03568226471543312
1,11,Left Caudate,L Caudate,L,Subcortical,0.035221219062805176,0.035221219062805176
94,4002,R Occipital Fusiform Gyrus,R Occipital Fusiform Gyrus,R,Visual,0.03511285409331322,0.03511285409331322
18,301,L Superior Frontal Gyrus,L Superior Frontal Gyrus,L,Frontoparietal,-0.0346151702105999,0.0346151702105999
86,3602,R Lingual Gyrus,R Lingual Gyrus,R,Visual,-0.034140825271606445,0.034140825271606445
4,17,Left Hippocampus,L Hippocampus,L,Limbic,0.03013385832309723,0.03013385832309723
82,3455,HO extra parcel 3455,HO extra parcel 3455,U,Limbic,-0.028737954795360565,0.028737954795360565
110,4802,R Occipital Pole,R Occipital Pole,R,Visual,0.02792683243751526,0.02792683243751526
25,602,R IFG pars opercularis,R IFG pars opercularis,R,Language,0.027393346652388573,0.027393346652388573
76,3201,L Cuneal Cortex,L Cuneal Cortex,L,Visual,0.02726929262280464,0.02726929262280464
14,101,L Frontal Pole,L Frontal Pole,L,Frontoparietal,-0.02625308558344841,0.02625308558344841
31,902,R STG anterior,R STG anterior,R,Auditory,0.025393560528755188,0.025393560528755188
28,801,L Temporal Pole,L Temporal Pole,L,Limbic,0.024387655779719353,0.024387655779719353
26,701,L Precentral Gyrus,L Precentral Gyrus,L,Somatomotor,-0.023635031655430794,0.023635031655430794
90,3802,R Temporal Fusiform posterior,R Temporal Fusiform posterior,R,Limbic,0.023495301604270935,0.023495301604270935
77,3202,R Cuneal Cortex,R Cuneal Cortex,R,Visual,-0.023469332605600357,0.023469332605600357
92,3902,R Temporal Occipital Fusiform,R Temporal Occipital Fusiform,R,Visual,0.02334892749786377,0.02334892749786377
61,2402,R Intracalcarine Cortex,R Intracalcarine Cortex,R,Visual,-0.022687483578920364,0.022687483578920364
46,1701,L Postcentral Gyrus,L Postcentral Gyrus,L,Somatomotor,0.022685209289193153,0.022685209289193153
0,10,Left Thalamus,L Thalamus,L,Subcortical,0.02196740359067917,0.02196740359067917
81,3402,R Parahippocampal anterior,R Parahippocampal anterior,R,Limbic,-0.02134057506918907,0.02134057506918907
107,4701,L Supracalcarine Cortex,L Supracalcarine Cortex,L,Visual,-0.020757997408509254,0.020757997408509254
21,402,R Middle Frontal Gyrus,R Middle Frontal Gyrus,R,Frontoparietal,-0.020571209490299225,0.020571209490299225
27,702,R Precentral Gyrus,R Precentral Gyrus,R,Somatomotor,0.020274635404348373,0.020274635404348373
62,2501,L Frontal Medial Cortex,L Frontal Medial Cortex,L,Default,0.020159738138318062,0.020159738138318062
22,501,L IFG pars triangularis,L IFG pars triangularis,L,Language,0.018534813076257706,0.018534813076257706
41,1402,R ITG anterior,R ITG anterior,R,Limbic,0.018043152987957,0.018043152987957
66,2701,L Subcallosal Cortex,L Subcallosal Cortex,L,Limbic,-0.01743895374238491,0.01743895374238491
3,13,Left Pallidum,L Pallidum,L,Subcortical,0.01714915968477726,0.01714915968477726
89,3801,L Temporal Fusiform posterior,L Temporal Fusiform posterior,L,Limbic,-0.01683884486556053,0.01683884486556053
108,4702,R Supracalcarine Cortex,R Supracalcarine Cortex,R,Visual,0.015982653945684433,0.015982653945684433
99,4301,L Parietal Operculum,L Parietal Operculum,L,Somatomotor,-0.015308690257370472,0.015308690257370472
64,2601,L SMA / Juxtapositional,L SMA / Juxtapositional,L,Somatomotor,-0.015104478225111961,0.015104478225111961
16,201,L Insular Cortex,L Insular Cortex,L,Salience,-0.014680478721857071,0.014680478721857071
57,2202,R LOC superior,R LOC superior,R,Visual,0.012919432483613491,0.012919432483613491
109,4801,L Occipital Pole,L Occipital Pole,L,Visual,0.012716306373476982,0.012716306373476982
80,3401,L Parahippocampal anterior,L Parahippocampal anterior,L,Limbic,0.012575550936162472,0.012575550936162472
63,2502,R Frontal Medial Cortex,R Frontal Medial Cortex,R,Default,-0.010381978936493397,0.010381978936493397
85,3601,L Lingual Gyrus,L Lingual Gyrus,L,Visual,0.009963219054043293,0.009963219054043293
88,3702,R Temporal Fusiform anterior,R Temporal Fusiform anterior,R,Limbic,0.009920205920934677,0.009920205920934677
47,1702,R Postcentral Gyrus,R Postcentral Gyrus,R,Somatomotor,-0.008672391064465046,0.008672391064465046
56,2201,L LOC superior,L LOC superior,L,Visual,-0.00809593964368105,0.00809593964368105
30,901,L STG anterior,L STG anterior,L,Auditory,-0.00804928969591856,0.00804928969591856
87,3701,L Temporal Fusiform anterior,L Temporal Fusiform anterior,L,Limbic,0.008044085465371609,0.008044085465371609
44,1601,L ITG temporooccipital,L ITG temporooccipital,L,Visual,-0.007535399869084358,0.007535399869084358
15,102,R Frontal Pole,R Frontal Pole,R,Frontoparietal,-0.007352009415626526,0.007352009415626526
33,1002,R STG posterior,R STG posterior,R,Auditory,0.006924666929990053,0.006924666929990053
79,3302,R Frontal Orbital Cortex,R Frontal Orbital Cortex,R,Limbic,0.006592931691557169,0.006592931691557169
43,1502,R ITG posterior,R ITG posterior,R,Limbic,-0.00635563163086772,0.00635563163086772
91,3901,L Temporal Occipital Fusiform,L Temporal Occipital Fusiform,L,Visual,0.006334167905151844,0.006334167905151844
24,601,L IFG pars opercularis,L IFG pars opercularis,L,Language,0.006297610700130463,0.006297610700130463
93,4001,L Occipital Fusiform Gyrus,L Occipital Fusiform Gyrus,L,Visual,0.005589742213487625,0.005589742213487625
71,2902,R Cingulate anterior,R Cingulate anterior,R,Salience,-0.004414621274918318,0.004414621274918318
83,3501,L Parahippocampal posterior,L Parahippocampal posterior,L,Limbic,-0.0043520238250494,0.0043520238250494
29,802,R Temporal Pole,R Temporal Pole,R,Limbic,-0.003991277888417244,0.003991277888417244
23,502,R IFG pars triangularis,R IFG pars triangularis,R,Language,0.0035085799172520638,0.0035085799172520638
13,58,Right Accumbens,R Accumbens,R,Subcortical,0.0030866838060319424,0.0030866838060319424
84,3502,R Parahippocampal posterior,R Parahippocampal posterior,R,Limbic,0.0019440366886556149,0.0019440366886556149
68,2801,L Paracingulate Gyrus,L Paracingulate Gyrus,L,Salience,-0.0016452440759167075,0.0016452440759167075
60,2401,L Intracalcarine Cortex,L Intracalcarine Cortex,L,Visual,-0.0014576009707525373,0.0014576009707525373
38,1301,L MTG temporooccipital,L MTG temporooccipital,L,Default,-0.00016886985395103693,0.00016886985395103693
